Date,Close/Last,Volume,Open,High,Low,Day
08/28/2020,1.49,6529650,1.55,1.57,1.46,0
08/31/2020,1.60,10641040,1.69,1.82,1.57,1
09/01/2020,1.66,7586880,1.71,1.73,1.63,2
09/02/2020,1.73,20366760,1.67,1.86,1.57,3
09/03/2020,1.58,7256584,1.57,1.60,1.49,4
09/04/2020,1.60,36756900,1.95,2.02,1.59,5
09/08/2020,1.77,21432500,1.47,1.81,1.44,6
09/09/2020,1.46,3336367,1.39,1.49,1.37,7
09/10/2020,1.41,4841357,1.48,1.51,1.40,8
09/11/2020,1.52,13606170,1.34,1.54,1.34,9
09/14/2020,1.31,3535505,1.30,1.35,1.28,10
09/15/2020,1.33,4563274,1.40,1.42,1.29,11
09/16/2020,1.39,6568793,1.35,1.42,1.33,12
09/17/2020,1.37,5540197,1.30,1.40,1.28,13
09/18/2020,1.32,5738187,1.25,1.38,1.23,14
09/21/2020,1.32,7398402,1.20,1.34,1.20,15
09/22/2020,1.25,14785020,1.38,1.40,1.20,16
09/23/2020,1.37,28883050,1.52,1.54,1.36,17
09/24/2020,1.35,9893993,1.37,1.38,1.32,18
09/25/2020,1.36,7851584,1.50,1.50,1.30,19
09/28/2020,1.45,9961582,1.43,1.62,1.40,20
09/29/2020,1.41,3873846,1.41,1.44,1.36,21
09/30/2020,1.42,5603886,1.47,1.50,1.40,22
10/01/2020,1.47,7470354,1.50,1.54,1.42,23
10/02/2020,1.51,7538037,1.55,1.65,1.49,24
10/05/2020,1.53,7561648,1.56,1.64,1.47,25
10/06/2020,1.55,13760860,1.43,1.66,1.43,26
10/07/2020,1.40,8562020,1.48,1.56,1.38,27
10/08/2020,1.43,20335830,1.59,1.84,1.36,28
10/09/2020,1.56,18261260,1.91,1.98,1.54,29
10/12/2020,2.08,18436720,2.13,2.14,1.86,30
10/13/2020,2.15,24817580,2.42,2.70,2.10,31
10/14/2020,2.41,41546350,3.06,3.09,2.24,32
10/15/2020,3.18,37577140,3.08,3.47,2.95,33
10/16/2020,3.69,93166990,2.80,3.82,2.58,34
10/19/2020,2.43,159522900,4.22,4.46,2.12,35
10/20/2020,3.14,159235700,2.29,3.24,2.19,36
10/21/2020,1.76,32822020,1.41,1.77,1.33,37
10/22/2020,1.32,11561530,1.21,1.39,1.21,38
10/23/2020,1.24,7874888,1.10,1.31,1.10,39
10/26/2020,1.11,22134690,1.29,1.35,1.09,40
10/27/2020,1.16,4661606,1.10,1.18,1.06,41
10/28/2020,1.10,2793062,1.10,1.13,1.07,42
10/29/2020,1.09,4438903,1.10,1.16,1.06,43
10/30/2020,1.13,4764212,1.20,1.22,1.11,44
11/02/2020,1.20,3960418,1.25,1.29,1.18,45
11/03/2020,1.24,2746941,1.15,1.25,1.14,46
11/04/2020,1.17,2409179,1.18,1.22,1.12,47
11/05/2020,1.18,3071808,1.24,1.25,1.16,48
11/06/2020,1.23,3729726,1.30,1.30,1.20,49
11/09/2020,1.35,10755630,1.18,1.38,1.15,50
11/10/2020,1.18,7259538,1.22,1.31,1.15,51
11/11/2020,1.22,8769948,1.16,1.25,1.07,52
11/12/2020,1.15,6450757,1.05,1.18,1.05,53
11/13/2020,1.07,6146256,1.10,1.12,1.02,54
11/16/2020,1.13,4880001,1.11,1.17,1.10,55
11/17/2020,1.10,9127040,1.23,1.23,0.99,56
11/18/2020,1.23,6518626,1.31,1.36,1.21,57
11/19/2020,1.34,6498570,1.40,1.44,1.29,58
11/20/2020,1.42,9651953,1.55,1.70,1.39,59
11/23/2020,1.51,3492203,1.55,1.57,1.48,60
11/24/2020,1.57,6641491,1.50,1.57,1.40,61
11/25/2020,1.47,16061490,1.33,1.59,1.26,62
11/27/2020,1.27,4024825,1.27,1.33,1.20,63
11/30/2020,1.28,6692428,1.25,1.48,1.25,64
12/01/2020,1.26,5479866,1.33,1.36,1.24,65
12/02/2020,1.38,5026439,1.38,1.46,1.35,66
12/03/2020,1.42,10931850,1.63,1.65,1.41,67
12/04/2020,1.47,7124237,1.56,1.59,1.46,68
12/07/2020,1.58,6504752,1.60,1.65,1.56,69
12/08/2020,1.68,5063596,1.79,1.80,1.66,70
12/09/2020,1.79,7846190,1.88,2.09,1.77,71
12/10/2020,1.82,4726542,1.90,1.95,1.81,72
12/11/2020,1.91,2568545,1.94,2.00,1.90,73
12/14/2020,1.94,3201930,1.89,1.98,1.81,74
12/15/2020,2.02,3590049,2.08,2.12,2.00,75
12/16/2020,2.05,4872699,2.15,2.16,2.01,76
12/17/2020,2.03,3088206,2.06,2.16,2.01,77
12/18/2020,2.09,3322375,2.16,2.20,2.08,78
12/21/2020,2.24,6459615,2.10,2.28,2.02,79
12/22/2020,2.16,35789480,2.40,2.51,2.07,80
12/23/2020,2.00,3315489,2.02,2.07,1.90,81
12/24/2020,2.02,3440967,2.12,2.16,2.00,82
12/28/2020,2.12,3272486,2.21,2.23,2.09,83
12/29/2020,2.22,2316291,2.21,2.29,2.18,84
12/30/2020,2.24,2392428,2.23,2.32,2.21,85
12/31/2020,2.23,2246160,2.27,2.28,2.21,86
01/04/2021,2.31,4691148,2.22,2.45,2.18,87
01/05/2021,2.28,4066781,2.35,2.38,2.23,88
01/06/2021,2.43,3770018,2.48,2.49,2.34,89
01/07/2021,2.51,5551566,2.64,2.65,2.46,90
01/08/2021,2.75,27949220,2.65,2.95,2.50,91
01/11/2021,2.45,27971300,2.35,2.95,2.25,92
01/12/2021,2.33,4151300,2.36,2.43,2.27,93
01/13/2021,2.48,5024382,2.65,2.68,2.44,94
01/14/2021,2.70,3890263,2.77,2.79,2.65,95
01/15/2021,2.80,6193255,2.93,2.93,2.69,96
01/19/2021,2.94,5247255,2.88,3.00,2.80,97
01/20/2021,2.79,3458459,2.87,2.91,2.70,98
01/21/2021,2.87,7599216,2.85,3.19,2.81,99
01/22/2021,2.78,6606668,3.06,3.08,2.76,100
01/25/2021,3.01,26677170,2.93,3.60,2.79,101
01/26/2021,2.75,4077623,2.88,2.91,2.71,102
01/27/2021,2.94,4053843,3.08,3.14,2.89,103
01/28/2021,3.10,3704494,3.33,3.33,2.97,104
01/29/2021,3.37,4857728,3.50,3.53,3.31,105
02/01/2021,3.70,4672088,4.11,4.13,3.66,106
02/02/2021,3.92,6081154,3.52,4.05,3.25,107
02/03/2021,3.56,3660244,3.75,3.82,3.50,108
02/04/2021,3.65,4025942,4.02,4.02,3.60,109
02/05/2021,3.99,4026180,4.00,4.16,3.92,110
02/08/2021,4.04,3658261,4.06,4.19,3.91,111
02/09/2021,3.98,3290840,4.12,4.16,3.87,112
02/10/2021,4.19,4958090,4.35,4.82,4.11,113
02/11/2021,4.48,4143857,4.55,4.55,4.15,114
02/12/2021,4.80,20462120,5.98,6.52,4.50,115
02/16/2021,5.21,20096330,6.04,6.46,4.81,116
02/17/2021,5.24,69569350,3.45,6.48,3.45,117
02/18/2021,3.43,7067419,5.07,5.09,3.36,118
02/19/2021,5.03,4639253,5.46,5.59,4.94,119
02/22/2021,5.49,3873379,6.16,6.62,5.36,120
02/23/2021,6.25,4616062,6.81,7.23,6.11,121
02/24/2021,7.08,8599348,7.31,7.81,6.81,122
02/25/2021,7.58,26678710,6.58,7.98,5.93,123
02/26/2021,7.23,77861900,10.50,11.40,6.66,124
03/01/2021,8.04,153400700,3.60,8.89,3.27,125
03/02/2021,3.59,10380360,2.79,3.71,2.67,126
03/03/2021,3.00,6707130,3.97,3.97,2.90,127
03/04/2021,3.99,5542135,4.87,4.99,3.80,128
03/05/2021,5.14,250000,5.58,5.79,4.87,129
03/08/2021,5.07,3269903,5.40,5.47,4.80,130
03/09/2021,6.72,1504824,7.52,7.56,6.03,131
03/10/2021,7.66,1006824,8.17,8.32,7.60,132
03/11/2021,8.52,1211621,9.24,9.24,7.92,133
03/12/2021,8.91,896521,9.40,9.52,8.60,134
03/15/2021,9.40,886120,9.48,10.00,9.01,135
03/16/2021,9.12,754327,10.40,10.64,8.88,136
03/17/2021,10.40,791959,10.81,11.11,10.00,137
03/18/2021,10.40,1096450,10.00,10.74,9.26,138
03/19/2021,12.20,705118,12.00,12.20,11.20,139
03/22/2021,12.30,950197,13.41,13.44,12.12,140
03/23/2021,14.00,3630968,14.60,16.28,13.20,141
03/24/2021,12.64,594297,12.88,12.98,12.24,142
03/25/2021,13.58,1159178,14.11,14.27,12.40,143
03/26/2021,14.27,564513,14.00,14.88,13.72,144
03/29/2021,14.40,720938,13.71,14.90,13.02,145
03/30/2021,14.28,731775,15.15,15.15,13.88,146
03/31/2021,15.48,692866,15.60,16.40,15.00,147
04/01/2021,15.86,1294347,16.27,16.27,14.49,148
04/05/2021,16.04,741478,16.84,16.84,15.60,149
04/06/2021,16.69,1304786,18.94,19.08,16.40,150
04/07/2021,18.45,1136935,18.78,19.92,18.22,151
04/08/2021,19.58,1960306,20.74,21.80,19.35,152
04/09/2021,20.61,5447928,16.52,21.89,16.44,153
04/12/2021,16.88,1196796,16.12,17.60,16.00,154
04/13/2021,16.19,1128050,16.00,17.20,16.00,155
04/14/2021,15.94,1962823,15.56,17.56,15.20,156
04/15/2021,15.60,1242691,16.00,16.80,15.49,157
04/16/2021,16.60,1873931,15.78,16.92,14.40,158
04/19/2021,16.00,1181952,16.27,16.73,15.46,159
04/20/2021,16.96,1362177,16.72,18.76,16.58,160
04/21/2021,17.37,2067933,17.80,17.80,15.36,161
04/22/2021,18.40,2279079,19.64,21.51,18.00,162
04/23/2021,20.26,4941090,21.26,23.90,18.32,163
04/26/2021,24.00,14392420,24.61,27.60,20.00,164
04/27/2021,18.34,16650140,12.12,24.00,11.81,165
04/28/2021,10.60,4594133,8.75,11.80,8.60,166
04/29/2021,13.04,3113890,15.28,15.33,10.99,167
04/30/2021,15.85,1098681,16.54,17.12,15.26,168
05/03/2021,16.27,1560566,18.75,18.80,16.00,169
05/04/2021,18.94,1072571,19.84,20.42,18.60,170
05/05/2021,20.49,978351,20.80,22.07,20.20,171
05/06/2021,20.60,1515257,20.03,23.10,19.60,172
05/07/2021,20.35,1383402,21.04,21.11,19.28,173
05/10/2021,20.85,1520602,21.78,22.42,20.76,174
05/11/2021,22.38,1604867,21.84,23.04,20.47,175
05/12/2021,22.40,2100544,25.48,25.88,21.02,176
05/13/2021,24.42,10494198,24.40,31.40,23.42,177
05/14/2021,21.76,4189660,22.00,23.10,20.00,178
05/17/2021,21.26,2980805,20.12,23.80,18.18,179
05/18/2021,22.28,2539875,23.64,23.65,20.40,180
05/19/2021,24.99,5721208,28.80,29.74,24.40,181
05/20/2021,23.34,5596115,26.40,27.68,20.22,182
05/21/2021,22.61,14573680,17.66,30.57,17.12,183
05/24/2021,17.77,10448020,32.78,35.11,15.62,184
05/25/2021,46.80,2532788,50.00,50.00,45.20,185
05/26/2021,46.40,2811583,54.40,54.80,45.20,186
05/27/2021,47.60,5028443,47.40,58.80,45.20,187
05/28/2021,44.80,5103348,50.80,53.20,40.00,188
06/01/2021,55.60,5709205,59.20,66.40,49.60,189
06/02/2021,72.00,17541083,78.40,90.00,48.00,190
06/03/2021,41.20,32754025,108.00,156.00,36.00,191
06/04/2021,66.00,28425250,32.49,94.00,30.22,192
06/07/2021,28.20,33661425,23.96,39.20,15.53,193
06/08/2021,11.41,39335925,3.99,14.39,3.60,194
06/09/2021,2.44,7286795,1.92,2.80,1.80,195
06/10/2021,1.84,2533813,1.68,1.94,1.60,196
06/11/2021,1.62,1983515,1.66,1.66,1.56,197
06/14/2021,1.67,1488241,1.66,1.73,1.61,198
06/15/2021,1.75,4422883,1.92,2.08,1.67,199
06/16/2021,1.65,1728795,1.64,1.75,1.60,200
06/17/2021,1.64,2132318,1.64,1.74,1.52,201
06/18/2021,1.60,2912515,1.89,1.98,1.60,202
06/21/2021,1.84,2003593,1.96,1.96,1.64,203
06/22/2021,1.76,1788472,1.68,1.96,1.58,204
06/23/2021,1.67,2020401,1.78,1.78,1.52,205
06/24/2021,1.88,1688188,2.00,2.08,1.84,206
06/25/2021,1.96,773294,1.99,1.99,1.80,207
06/28/2021,2.00,1495920,2.20,2.20,1.92,208
06/29/2021,2.16,1625014,2.28,2.46,2.00,209
06/30/2021,2.22,933595,2.34,2.60,2.04,210
07/01/2021,2.35,742548,2.53,2.55,2.24,211
07/02/2021,2.46,676602,2.48,2.85,2.44,212
07/06/2021,2.44,568675,2.74,2.74,2.44,213
07/07/2021,2.64,585594,2.80,2.86,2.60,214
07/08/2021,2.88,588719,3.20,3.20,2.80,215
07/09/2021,3.20,616742,3.40,3.58,3.16,216
07/12/2021,3.32,588680,3.63,3.63,3.20,217
07/13/2021,3.63,1055419,4.28,4.37,3.60,218
07/14/2021,4.47,2123863,4.00,4.60,3.70,219
07/15/2021,3.60,1348836,3.36,4.20,3.24,220
07/16/2021,3.14,512195,3.30,3.39,3.12,221
07/19/2021,3.42,423466,3.60,3.64,3.28,222
07/20/2021,3.60,368631,3.64,3.83,3.56,223
07/21/2021,3.60,362943,3.84,3.84,3.48,224
07/22/2021,3.79,215170,4.00,4.00,3.60,225
07/23/2021,4.00,555619,3.79,4.79,3.52,226
07/26/2021,3.81,481601,4.00,4.16,3.50,227
07/27/2021,4.00,473744,4.56,4.80,4.00,228
07/28/2021,4.56,601035,5.25,5.39,4.06,229
07/29/2021,5.27,1900279,6.88,6.92,5.09,230
07/30/2021,5.44,2570258,3.68,6.00,3.56,231
08/02/2021,3.66,343649,3.76,3.80,3.44,232
08/03/2021,3.68,479458,4.26,4.32,3.61,233
08/04/2021,4.20,425093,4.00,4.76,3.90,234
08/05/2021,3.88,259678,4.27,4.40,3.84,235
08/06/2021,4.27,229479,4.40,4.48,4.03,236
08/09/2021,4.32,782665,4.00,5.48,3.99,237
08/10/2021,4.04,687927,5.12,5.20,3.82,238
08/11/2021,5.16,195669,5.40,5.47,4.92,239
08/12/2021,5.32,335124,5.84,5.88,5.20,240
08/13/2021,5.91,229048,6.41,6.45,5.86,241
08/16/2021,6.53,243300,7.16,7.30,6.41,242
08/17/2021,7.00,340047,7.20,7.24,6.40,243
08/18/2021,7.36,175743,8.17,8.24,7.23,244
08/19/2021,7.92,354095,7.60,9.40,6.84,245
08/20/2021,8.38,83332,8.04,8.38,7.20,246
08/23/2021,7.51,392839,9.84,9.84,7.43,247
08/24/2021,9.84,145790,9.56,9.85,9.01,248
08/25/2021,9.32,270005,10.32,11.27,8.76,249
08/26/2021,10.32,98737,9.24,10.32,8.83,250
08/27/2021,9.60,219635,9.24,10.60,9.14,251
08/30/2021,8.82,226860,9.61,9.86,8.41,252
08/31/2021,9.66,337123,11.46,12.60,8.35,253
09/01/2021,11.24,408543,12.96,14.60,11.11,254
09/02/2021,13.09,1434772,7.82,17.94,7.74,255
09/03/2021,7.68,247362,8.78,8.82,7.44,256
09/07/2021,8.69,184702,9.90,9.95,8.44,257
09/08/2021,9.90,143600,11.23,11.40,9.62,258
09/09/2021,10.62,85067,10.66,11.16,10.44,259
09/10/2021,10.68,164186,11.14,11.28,10.09,260
09/13/2021,10.86,139760,12.29,12.34,10.80,261
09/14/2021,12.48,160990,13.08,13.63,11.53,262
09/15/2021,12.82,94194,13.88,13.91,12.37,263
09/16/2021,14.10,159409,15.26,15.30,12.00,264
09/17/2021,15.26,78263,16.30,16.30,15.01,265
09/20/2021,16.21,43601,16.64,17.16,16.08,266
09/21/2021,16.96,40755,18.00,18.00,16.80,267
09/22/2021,17.58,76702,16.97,18.48,16.80,268
09/23/2021,16.56,39889,16.36,17.52,16.18,269
09/24/2021,16.34,81736,17.33,17.42,15.76,270
09/27/2021,17.42,59838,17.70,18.60,17.21,271
09/28/2021,17.64,104905,17.82,18.00,15.96,272
09/29/2021,17.66,113612,18.84,19.80,17.40,273
09/30/2021,18.74,60083,19.78,19.78,18.72,274
10/01/2021,19.33,148579,19.60,20.83,19.21,275
10/04/2021,19.50,82998,19.45,20.14,19.08,276
10/05/2021,19.94,98872,20.64,22.50,19.80,277
10/06/2021,20.52,62022,20.57,21.41,20.11,278
10/07/2021,20.53,90211,20.11,21.19,19.20,279
10/08/2021,20.22,101435,22.79,23.32,19.44,280
10/11/2021,21.31,177106,22.80,24.66,21.01,281
10/12/2021,22.66,214442,19.75,23.00,19.20,282
10/13/2021,19.09,151205,20.88,21.11,18.60,283
10/14/2021,20.77,202551,23.02,24.60,20.66,284
10/15/2021,21.20,195277,24.06,24.24,20.40,285
10/18/2021,24.05,196897,28.98,29.66,24.00,286
10/19/2021,27.71,215566,31.73,31.79,27.60,287
10/20/2021,31.09,217705,36.00,38.05,30.16,288
10/21/2021,40.20,111063,41.03,45.00,39.64,289
10/22/2021,40.73,255216,41.23,53.33,39.18,290
10/25/2021,41.51,172656,42.94,47.16,39.18,291
10/26/2021,43.70,277603,30.73,46.00,30.72,292
10/27/2021,30.68,87309,33.70,35.64,30.46,293
10/28/2021,33.96,97853,33.00,35.52,32.42,294
10/29/2021,33.00,104084,32.48,34.32,31.72,295
11/01/2021,32.04,137623,32.28,34.80,31.56,296
11/02/2021,31.43,104338,28.92,33.96,28.92,297
11/03/2021,31.62,135287,30.05,34.20,28.44,298
11/04/2021,30.48,130684,30.58,31.76,26.88,299
11/05/2021,30.90,241505,37.20,39.84,30.74,300
11/08/2021,35.52,744918,30.00,43.80,28.93,301
11/09/2021,30.32,108274,31.32,32.38,30.00,302
11/10/2021,31.92,117422,36.60,37.79,31.69,303
11/11/2021,37.21,88820,42.61,43.20,37.20,304
11/12/2021,42.76,83810,46.15,47.21,40.94,305
11/15/2021,45.53,109414,45.85,45.88,40.80,306
11/16/2021,46.44,109010,54.89,54.90,45.00,307
11/17/2021,54.00,56125,52.80,55.98,52.80,308
11/18/2021,54.12,46995,56.40,56.70,53.94,309
11/19/2021,53.29,83257,59.88,59.88,52.80,310
11/22/2021,59.57,62912,63.54,65.40,59.40,311
11/23/2021,58.81,42227,61.32,62.35,58.21,312
11/24/2021,61.20,83275,66.32,67.78,56.40,313
11/26/2021,66.83,66935,69.60,70.37,65.18,314
11/29/2021,68.14,137234,63.23,76.32,62.65,315
11/30/2021,62.65,112515,79.20,79.21,62.41,316
12/01/2021,81.00,109560,99.00,99.00,79.61,317
12/02/2021,99.43,29799,103.60,107.99,93.60,318
12/03/2021,105.13,53514,94.80,106.02,94.80,319
12/06/2021,94.80,76254,116.40,117.00,92.41,320
12/07/2021,113.05,37890,128.40,132.00,112.01,321
12/08/2021,127.20,17141,127.20,134.40,125.99,322
12/09/2021,127.80,19521,124.80,130.80,121.20,323
12/10/2021,123.00,42468,140.40,140.40,121.20,324
12/13/2021,134.40,32190,133.20,141.60,132.01,325
12/14/2021,133.20,24584,128.40,134.40,127.83,326
12/15/2021,127.20,20616,127.20,128.40,124.80,327
12/16/2021,127.20,17534,129.60,130.80,126.00,328
12/17/2021,128.40,35831,130.80,133.20,123.60,329
12/20/2021,126.00,21838,129.60,130.20,123.60,330
12/21/2021,128.40,37956,128.40,134.40,123.60,331
12/22/2021,126.60,27553,127.20,130.20,123.60,332
12/23/2021,126.00,49430,138.00,139.20,123.60,333
12/27/2021,132.60,24918,134.40,138.60,132.00,334
12/28/2021,140.40,60413,144.00,148.80,127.20,335
12/29/2021,141.60,137381,194.40,206.40,138.00,336
12/30/2021,208.80,169406,153.60,210.00,148.80,337
12/31/2021,165.60,106290,133.20,166.80,132.00,338
01/03/2022,129.60,38310,133.20,139.20,127.20,339
01/04/2022,126.00,22287,129.60,132.00,123.60,340
01/05/2022,132.00,22366,138.00,138.00,130.80,341
01/06/2022,135.60,42475,146.40,147.48,129.60,342
01/07/2022,145.20,44597,136.80,146.40,132.00,343
01/10/2022,133.20,22726,133.20,135.60,130.80,344
01/11/2022,135.60,32862,134.40,139.20,129.60,345
01/12/2022,136.80,26695,140.40,148.80,135.60,346
01/13/2022,141.60,33741,139.20,158.40,138.00,347
01/14/2022,142.80,67785,144.00,145.20,121.20,348
01/18/2022,143.40,50880,162.00,162.00,140.40,349
01/19/2022,159.60,63391,156.00,170.40,148.80,350
01/20/2022,156.00,90406,170.40,182.40,155.40,351
01/21/2022,164.40,164451,218.40,259.20,157.20,352
01/24/2022,295.20,48771,338.40,381.57,294.00,353
01/25/2022,356.40,51115,465.60,465.60,353.40,354
01/26/2022,470.40,45033,464.40,520.81,445.20,355
01/27/2022,439.20,16111,458.40,483.60,438.00,356
01/28/2022,468.00,20098,486.00,526.81,462.00,357
01/31/2022,492.00,33896,500.41,546.01,480.00,358
02/01/2022,561.61,35233,609.61,624.01,550.81,359
02/02/2022,613.21,146437,566.41,693.61,556.81,360
02/03/2022,563.41,80534,609.61,627.61,541.21,361
02/04/2022,614.41,176915,465.60,654.01,460.80,362
02/07/2022,465.60,84320,421.20,552.01,405.53,363
02/08/2022,426.60,31316,474.00,475.20,420.00,364
02/09/2022,451.20,117681,501.61,525.61,416.40,365
02/10/2022,466.80,41423,563.41,565.21,463.34,366
02/11/2022,612.01,30816,716.41,726.01,608.41,367
02/14/2022,751.21,24261,868.81,868.81,744.01,368
02/15/2022,871.81,15758,908.41,909.61,842.41,369
02/16/2022,903.01,19746,"1,009.21","1,100.41",900.01,370
02/17/2022,"1,015.21",27998,981.61,"1,020.01",861.61,371
02/18/2022,"1,012.81",29247,"1,134.01","1,165.21",999.61,372
02/22/2022,"1,137.61",34293,"1,270.81","1,344.01","1,112.89",373
02/23/2022,"1,492.81",1042,"1,728.02","1,944.98","1,450.57",374
02/24/2022,"1,776.02",7079,"1,699.22","1,804.82","1,614.74",375
02/25/2022,"1,728.02",7216,"1,814.42","1,840.34","1,632.98",376
02/28/2022,"1,776.02",10463,"2,035.22","2,133.14","1,708.82",377
03/01/2022,"1,968.02",10128,"2,448.02","2,448.02","1,918.10",378
03/02/2022,"2,388.50",4879,"2,392.34","2,588.19","2,313.62",379
03/03/2022,"2,640.03",6540,"2,123.54","2,640.03","2,123.54",380
03/04/2022,"2,102.42",5277,"2,323.22","2,399.06","2,087.06",381
03/07/2022,"2,321.30",4943,"2,579.55","2,591.07","2,266.58",382
03/08/2022,"2,573.79",3293,"2,693.79","2,716.83","2,496.99",383
03/09/2022,"2,554.59",2853,"2,438.42","2,640.03","2,428.82",384
03/10/2022,"2,524.83",3736,"2,832.03","2,832.03","2,476.82",385
03/11/2022,"2,640.03",3772,"2,668.83","2,688.03","2,438.42",386
03/14/2022,"2,622.75",3067,"2,776.35","2,776.35","2,601.63",387
03/15/2022,"2,784.03",6112,"3,110.43","3,148.83","2,745.63",388
03/16/2022,"3,126.75",4588,"3,258.27","3,327.39","3,091.23",389
03/17/2022,"3,205.47",4733,"3,056.67","3,345.63","3,004.83",390
03/18/2022,"3,168.03",5874,"3,062.43","3,204.51","2,812.83",391
03/21/2022,"3,129.63",11891,"3,072.03","3,306.27","2,943.39",392
03/22/2022,"2,903.07",8216,"2,688.99","2,918.43","2,601.63",393
03/23/2022,"2,464.34",4763,"2,518.11","2,625.63","2,380.82",394
03/24/2022,"2,484.50",3045,"2,620.83","2,748.51","2,452.82",395
03/25/2022,"2,644.83",2891,"2,547.87","2,736.03","2,544.03",396
03/28/2022,"2,592.99",4791,"2,814.75","2,976.03","2,510.43",397
03/29/2022,"2,793.63",3199,"2,688.03","2,801.31","2,592.03",398
03/30/2022,"2,783.07",4593,"2,764.83","2,836.83","2,544.03",399
03/31/2022,"2,745.63",4487,"2,793.63","2,951.07","2,655.39",400
04/01/2022,"2,822.43",15347,"3,109.47","3,309.15","2,719.71",401
04/04/2022,"3,021.15",13392,"2,755.23","3,187.23","2,649.63",402
04/05/2022,"2,757.15",9315,"2,496.03","2,760.03","2,425.94",403
04/06/2022,"2,439.38",6190,"2,234.90","2,482.58","2,166.74",404
04/07/2022,"2,260.82",3595,"2,207.06","2,323.22","2,159.06",405
04/08/2022,"2,193.62",6538,"2,112.02","2,332.81","2,112.02",406
04/11/2022,"2,160.02",9844,"1,900.82","2,246.42","1,899.86",407
04/12/2022,"1,920.02",5853,"1,846.10","1,927.70","1,825.94",408
04/13/2022,"1,872.02",4476,"1,864.34","1,894.10","1,824.02",409
04/14/2022,"1,920.02",6429,"1,855.70","1,925.78","1,776.02",410
04/18/2022,"1,929.62",6470,"2,047.70","2,066.90","1,900.82",411
04/19/2022,"2,016.02",5028,"1,939.22","2,092.82","1,920.02",412
04/20/2022,"1,920.02",6732,"1,976.66","2,018.90","1,881.62",413
04/21/2022,"2,016.02",6810,"2,097.62","2,109.14","1,979.54",414
04/22/2022,"2,109.14",7307,"2,283.86","2,352.02","2,088.02",415
04/25/2022,"2,276.18",7813,"2,365.46","2,419.22","2,254.10",416
04/26/2022,"2,262.74",8370,"2,194.58","2,515.23","2,193.62",417
04/27/2022,"2,178.26",10595,"2,179.22","2,341.46","2,145.62",418
04/28/2022,"2,240.66",6268,"2,271.38","2,317.46","2,121.62",419
04/29/2022,"2,349.14",19601,"2,689.95","2,689.95","2,111.06",420
05/02/2022,"2,695.71",22520,"2,784.03","3,199.71","2,563.23",421
05/03/2022,"4,318.12",27784,"3,890.92","4,694.45","3,844.84",422
05/04/2022,"3,839.08",16650,"3,345.63","4,010.92","3,333.15",423
05/05/2022,"3,350.43",6734,"3,168.03","3,358.11","3,073.95",424
05/06/2022,"3,168.03",7701,"2,981.79","3,253.47","2,902.11",425
05/09/2022,"3,036.51",10037,"3,308.19","3,373.47","2,957.79",426
05/10/2022,"3,146.91",8524,"2,952.03","3,216.03","2,880.99",427
05/11/2022,"2,964.51",13660,"3,264.03","3,265.95","2,750.43",428
05/12/2022,"3,208.35",24772,"3,803.56","3,936.04","3,072.03",429
05/13/2022,"3,433.95",26412,"2,659.23","3,572.20","2,467.22",430
05/16/2022,"2,612.19",10586,"2,376.02","2,678.43","2,275.22",431
05/17/2022,"2,304.02",6631,"2,160.02","2,380.82","2,141.78",432
05/18/2022,"2,102.42",6851,"2,208.02","2,289.62","2,054.42",433
05/19/2022,"2,367.38",9499,"2,603.55","2,620.83","2,208.02",434
05/20/2022,"2,397.14",10263,"2,238.74","2,435.54","2,188.82",435
05/23/2022,"2,112.02",5589,"2,088.98","2,207.06","2,002.58",436
05/24/2022,"1,985.30",6114,"2,049.62","2,096.66","1,728.02",437
05/25/2022,"2,070.74",5624,"2,223.38","2,226.26","2,016.02",438
05/26/2022,"2,237.78",5046,"2,157.14","2,327.06","2,140.82",439
05/27/2022,"2,154.26",5466,"2,218.58","2,234.90","2,112.02",440
05/31/2022,"2,138.90",5621,"2,180.18","2,304.02","2,102.42",441
06/01/2022,"2,100.50",7102,"2,372.18","2,419.22","2,092.82",442
06/02/2022,"2,448.02",4887,"2,330.90","2,543.07","2,304.02",443
06/03/2022,"2,390.42",8412,"2,491.22","2,664.03","2,256.02",444
06/06/2022,"2,615.07",13399,"2,417.30","2,678.43","2,184.98",445
06/07/2022,"2,331.86",16192,"1,943.06","2,393.30","1,918.10",446
06/08/2022,"1,861.46",7955,"1,872.02","2,015.06","1,812.50",447
06/09/2022,"1,899.86",17918,"2,591.07","2,631.39","1,824.02",448
06/10/2022,"2,341.46",6094,"2,479.70","2,482.58","2,256.02",449
06/13/2022,"2,543.07",9058,"2,304.02","2,572.83","2,046.74",450
06/14/2022,"2,302.10",11763,"2,327.06","2,483.54","2,064.02",451
06/15/2022,"2,172.50",10934,"1,728.02","2,202.26","1,728.02",452
06/16/2022,"1,703.06",5710,"1,481.29","1,728.02","1,440.01",453
06/17/2022,"1,452.49",5769,"1,553.30","1,617.62","1,420.81",454
06/21/2022,"1,464.97",4553,"1,635.86","1,680.02","1,420.81",455
06/22/2022,"1,636.82",4799,"1,787.54","1,806.74","1,632.02",456
06/23/2022,"1,795.22",3851,"1,978.58","1,996.82","1,749.14",457
06/24/2022,"1,967.06",2472,"1,920.02","1,994.90","1,920.02",458
06/27/2022,"1,920.02",6313,"1,929.62","1,937.30","1,737.62",459
06/28/2022,"1,955.54",4091,"2,044.82","2,049.62","1,921.94",460
06/29/2022,"2,090.90",6072,"2,198.42","2,227.22","1,920.02",461
06/30/2022,"2,194.58",5191,"2,177.30","2,302.10","2,160.02",462
07/01/2022,"2,229.14",7019,"2,359.70","2,409.62","2,150.42",463
07/05/2022,"2,405.78",6201,"2,529.63","2,533.47","2,400.02",464
07/06/2022,"2,477.78",7928,"2,688.03","2,800.35","2,409.62",465
07/07/2022,"2,570.91",6937,"2,717.79","2,760.99","2,515.23",466
07/08/2022,"2,976.03",9723,"2,668.83","3,172.83","2,611.23",467
07/11/2022,"2,625.63",5700,"2,878.11","2,878.11","2,505.63",468
07/12/2022,"2,701.47",5609,"2,683.23","2,880.03","2,640.03",469
07/13/2022,"2,626.59",5724,"2,784.03","2,784.03","2,592.03",470
07/14/2022,"2,738.91",3151,"2,748.51","2,841.63","2,726.43",471
07/15/2022,"2,718.75",4613,"2,911.71","2,911.71","2,659.23",472
07/18/2022,"2,923.23",4849,"2,896.35","2,997.15","2,860.83",473
07/19/2022,"2,887.71",9229,"3,399.39","3,433.95","2,880.03",474
07/20/2022,"3,399.39",4767,"3,432.03","3,446.43","3,264.03",475
07/21/2022,"3,370.59",19109,"3,840.04","3,878.44","3,216.03",476
07/22/2022,"3,408.03",6038,"3,493.47","3,715.24","3,355.23",477
07/25/2022,"3,343.71",3435,"3,456.03","3,475.23","3,273.63",478
07/26/2022,"3,421.47",5794,"3,811.24","3,840.04","3,274.59",479
07/27/2022,"3,577.96",4900,"3,860.20","3,878.34","3,552.04",480
07/28/2022,"3,755.56",8508,"4,723.25","4,723.25","3,744.04",481
07/29/2022,"4,593.65",3164,"4,870.13","4,898.93","4,526.45",482
08/01/2022,"4,886.45",5437,"4,924.85","5,260.85","4,704.05",483
08/02/2022,"4,867.25",5386,"4,416.04","4,874.93","4,151.08",484
08/03/2022,"4,332.52",9506,"4,011.88","4,452.52","3,945.64",485
08/04/2022,"4,077.16",5843,"3,974.44","4,108.84","3,696.04",486
08/05/2022,"4,080.04",7189,"3,619.24","4,128.04","3,465.63",487
08/08/2022,"3,693.16",7455,"4,128.04","4,224.04","3,662.44",488
08/09/2022,"4,027.24",8896,"4,165.48","4,415.08","3,456.03",489
08/10/2022,"4,511.09",4849,"4,896.05","4,992.05","4,324.84",490
08/11/2022,"5,070.77",4128,"4,894.13","5,232.05","4,809.65",491
08/12/2022,"4,933.49",4146,"5,203.25","5,401.97","4,800.05",492
08/15/2022,"5,364.53",3472,"5,692.86","5,760.06","5,280.05",493
08/16/2022,"5,664.06",5219,"5,577.66","5,932.86","5,248.37",494
08/17/2022,"5,472.05",6246,"4,923.89","5,743.74","4,876.85",495
08/18/2022,"4,878.77",2681,"5,088.05","5,088.05","4,810.61",496
08/19/2022,"5,029.49",4281,"5,376.05","5,424.05","4,848.05",497
08/22/2022,"5,107.25",3781,"4,896.05","5,260.85","4,852.85",498
08/23/2022,"4,932.53",4373,"5,501.82","5,587.26","4,905.65",499
08/24/2022,"5,343.41",3686,"5,376.05","5,712.06","5,208.05",500
08/25/2022,"5,547.90",4468,"5,664.06","5,720.70","5,287.73",501
08/26/2022,"5,603.58",3687,"5,952.06","6,140.22","5,300.21",502
08/29/2022,"5,818.62",5117,"6,049.02","6,096.06","5,503.74",503
08/30/2022,"5,636.22",5286,"6,046.14","6,046.14","5,280.05",504
08/31/2022,"6,014.46",5213,"6,336.06","6,912.07","6,014.46",505
09/01/2022,"6,315.90",3606,"6,477.18","6,716.23","6,224.70",506
09/02/2022,"6,534.79",4856,"6,811.27","6,864.07","6,144.06",507
09/06/2022,"6,883.27",3659,"6,806.47","7,103.11","6,433.02",508
09/07/2022,"6,625.99",4741,"6,544.39","7,036.87","6,255.42",509
09/08/2022,"6,822.79",7395,"7,008.07","7,036.87","6,144.06",510
09/09/2022,"6,885.19",7801,"7,703.60","8,160.08","6,528.07",511
09/12/2022,"7,680.08",13575,"8,016.08","8,165.84","6,336.06",512
09/13/2022,"7,605.20",20303,"12,432.12","12,672.13","7,346.95",513
09/14/2022,"10,368.10",3943,"9,696.10","10,560.11","9,600.10",514
09/15/2022,"9,505.06",7302,"8,892.57","10,560.11","8,880.09",515
09/16/2022,"8,562.33",5884,"8,160.08","9,013.53","8,094.80",516
09/19/2022,"8,160.08",6681,"7,668.56","8,640.09","7,393.99",517
09/20/2022,"7,585.04",4610,"8,548.89","8,589.21","7,544.72",518
09/21/2022,"8,415.44",5837,"7,920.08","9,023.13","7,776.08",519
09/22/2022,"7,619.60",7837,"8,929.05","8,954.97","7,296.07",520
09/23/2022,"8,188.88",6771,"9,191.13","9,273.69","7,881.68",521
09/26/2022,"9,026.01",13310,"8,560.41","10,848.11","7,968.08",522
09/27/2022,"8,867.61",14764,"5,952.06","9,456.09","5,760.06",523
09/28/2022,"5,886.78",5172,"5,633.34","6,123.90","5,568.06",524
09/29/2022,"5,604.54",5812,"5,630.46","6,240.06","5,184.05",525
09/30/2022,"5,726.46",10671,"5,655.42","6,240.06","5,097.65",526
10/03/2022,"4,555.25",3849,"5,182.13","5,183.09","4,464.04",527
10/04/2022,"4,835.57",5061,"4,224.04","5,278.13","4,177.00",528
10/05/2022,"4,387.24",4124,"4,521.65","4,762.61","3,888.04",529
10/06/2022,"4,488.04",4423,"3,676.84","4,656.05","3,508.84",530
10/07/2022,"3,593.32",1767,"3,417.63","3,600.04","3,264.03",531
10/10/2022,"3,582.76",2537,"3,246.75","3,667.24","3,120.03",532
10/11/2022,"3,114.27",2608,"3,181.47","3,379.23","3,014.43",533
10/12/2022,"3,246.75",3234,"2,851.23","3,350.43","2,688.03",534
10/13/2022,"2,851.23",2903,"2,723.55","2,955.87","2,582.43",535
10/14/2022,"2,601.63",3226,"2,932.83","3,071.07","2,596.83",536
10/17/2022,"2,786.91",2871,"2,880.03","3,046.11","2,678.43",537
10/18/2022,"2,816.67",2927,"3,072.03","3,205.47","2,632.35",538
10/19/2022,"3,024.99",2247,"3,166.11","3,216.03","2,956.83",539
10/20/2022,"3,103.71",2119,"3,274.59","3,319.71","3,006.75",540
10/21/2022,"3,360.99",2647,"3,465.63","3,677.80","3,206.43",541
10/24/2022,"3,409.95",2700,"3,744.04","3,840.04","3,264.03",542
10/25/2022,"3,699.88",2904,"3,552.04","3,811.24","3,369.63",543
10/26/2022,"3,441.63",5628,"3,003.87","3,887.08","3,003.87",544
10/27/2022,"3,127.71",3104,"3,360.03","3,408.03","2,947.23",545
10/28/2022,"3,392.67",5982,"3,485.79","4,010.92","3,360.03",546
10/31/2022,"4,608.05",5910,"4,832.69","5,446.13","4,521.65",547
11/01/2022,"4,897.01",6066,"5,040.05","5,260.85","4,320.04",548
11/02/2022,"5,108.21",15307,"5,558.46","6,393.66","4,709.81",549
11/03/2022,"4,404.52",15809,"3,177.63","5,270.45","3,099.87",550
11/04/2022,"2,832.03",2518,"2,611.23","2,868.51","2,572.83",551
11/07/2022,"2,534.43",2182,"2,496.03","2,640.03","2,400.02",552
11/08/2022,"2,396.18",2069,"2,456.66","2,559.39","2,352.02",553
11/09/2022,"2,492.18",4092,"2,889.63","2,937.63","2,352.02",554
11/10/2022,"2,873.31",3066,"3,086.43","3,264.03","2,860.83",555
11/11/2022,"2,989.47",1932,"2,998.11","3,080.67","2,880.03",556
11/14/2022,"2,980.83",3542,"3,177.63","3,302.43","2,957.79",557
11/15/2022,"3,082.59",3239,"3,639.40","3,678.76","3,060.51",558
11/16/2022,"3,406.11",3113,"3,024.03","3,696.04","2,976.03",559
11/17/2022,"2,915.55",2550,"3,072.03","3,119.07","2,861.79",560
11/18/2022,"3,083.55",1809,"3,116.19","3,427.23","3,033.63",561
11/21/2022,"3,116.19",3105,"3,325.47","3,504.04","3,097.95",562
11/22/2022,"3,191.07",2988,"3,169.95","3,242.91","2,938.59",563
11/23/2022,"3,265.95",3235,"3,504.04","3,532.84","3,063.39",564
11/25/2022,"3,504.04",3285,"4,032.04","4,078.12","3,471.39",565
11/28/2022,"3,999.40",3791,"4,584.05","4,584.05","3,811.24",566
11/29/2022,"4,521.65",2411,"5,088.05","5,088.05","4,439.08",567
11/30/2022,"4,897.97",3737,"5,664.06","5,880.07","4,800.05",568
12/01/2022,"5,421.17",1783,"6,054.78","6,123.90","5,420.21",569
12/02/2022,"6,048.06",2427,"5,760.06","6,239.58","5,500.86",570
12/05/2022,"5,938.62",1560,"5,617.98","5,952.06","5,472.05",571
12/06/2022,"5,397.17",2075,"6,432.06","6,449.34","5,376.05",572
12/07/2022,"6,327.42",3040,"8,064.08","8,177.36","6,115.26",573
12/08/2022,"6,620.23",4601,"5,760.06","7,200.07","5,760.06",574
12/09/2022,"5,578.62",1517,"5,558.46","5,836.86","5,390.45",575
12/12/2022,"5,376.05",819,"5,330.93","5,683.26","5,280.05",576
12/13/2022,"5,398.13",1735,"5,251.25","5,871.42","5,088.05",577
12/14/2022,"5,171.57",1300,"5,412.53","5,587.26","5,129.33",578
12/15/2022,"5,185.01",1764,"4,969.97","5,279.09","4,860.53",579
12/16/2022,"4,897.01",1847,"4,904.69","5,126.46","4,806.77",580
12/19/2022,"4,934.45",2475,"5,568.06","5,568.06","4,857.65",581
12/20/2022,"5,436.53",3184,"5,413.49","5,813.82","5,009.33",582
12/21/2022,"5,525.82",4526,"4,430.44","5,645.82","4,430.44",583
12/22/2022,"4,417.00",2428,"4,992.05","4,992.05","4,368.04",584
12/23/2022,"5,083.25",1755,"4,896.05","5,184.05","4,833.65",585
12/27/2022,"4,890.29",2046,"5,043.89","5,470.13","4,809.65",586
12/28/2022,"4,933.49",995,"5,207.09","5,220.52","4,807.73",587
12/29/2022,"5,055.41",1068,"5,213.81","5,376.05","4,948.85",588
12/30/2022,"5,022.77",1286,"5,017.97","5,260.85","4,897.01",589
01/03/2023,"4,818.29",1740,"5,184.05","5,346.29","4,761.65",590
01/04/2023,"5,031.41",2305,"4,896.05","5,087.09","4,801.97",591
01/05/2023,"5,290.61",3172,"5,204.21","5,424.05","4,800.05",592
01/06/2023,"5,144.69",3695,"6,299.58","6,427.26","5,088.05",593
01/09/2023,"6,433.02",1584,"6,308.22","6,489.66","5,952.06",594
01/10/2023,"6,123.90",2516,"6,527.11","6,816.07","6,048.06",595
01/11/2023,"6,816.07",3233,"6,240.06","6,992.71","6,240.06",596
01/12/2023,"6,220.86",1870,"6,432.06","6,517.51","5,952.06",597
01/13/2023,"6,710.47",2094,"6,300.54","6,729.67","6,288.06",598
01/17/2023,"6,161.34",2660,"5,760.06","6,505.99","5,659.26",599
01/18/2023,"6,107.58",2960,"6,720.07","6,912.07","6,038.46",600
01/19/2023,"6,745.99",3004,"7,771.28","7,829.84","6,672.07",601
01/20/2023,"7,922.00",2667,"8,419.28","8,542.17","7,776.08",602
01/23/2023,"8,544.09",4373,"9,380.25","9,440.73","8,310.80",603
01/24/2023,"8,067.92",10464,"9,072.09","10,752.11","7,999.76",604
01/25/2023,"7,363.27",1871,"6,924.55","7,670.48","6,777.67",605
01/26/2023,"7,155.91",3449,"8,160.08","8,256.08","7,084.87",606
01/27/2023,"7,745.36",3271,"8,179.28","8,736.09","7,680.08",607
01/30/2023,"8,171.60",2726,"8,889.69","9,587.62","8,161.04",608
01/31/2023,"9,041.37",2999,"9,386.01","9,792.10","8,670.81",609
02/01/2023,"9,265.05",4239,"11,040.11","11,040.11","9,128.73",610
02/02/2023,"10,176.10",4550,"9,120.09","11,232.11","9,023.13",611
02/03/2023,"9,088.41",4542,"9,120.09","9,312.09","8,469.20",612
02/06/2023,"8,918.49",5500,"9,504.10","9,696.10","8,832.09",613
02/07/2023,"9,888.10",5701,"12,000.12","12,000.12","9,500.26",614
02/08/2023,"10,656.11",6090,"8,785.05","11,712.12","8,640.09",615
02/09/2023,"8,761.05",3766,"9,600.10","9,695.14","8,448.08",616
02/10/2023,"9,600.10",2573,"9,417.69","9,696.10","9,129.69",617
02/13/2023,"9,696.10",2180,"10,464.10","10,464.10","9,072.09",618
02/14/2023,"10,080.10",1565,"10,560.11","10,560.11","9,792.10",619
02/15/2023,"10,272.10",2446,"10,848.11","11,712.12","9,792.10",620
02/16/2023,"10,752.11",3279,"10,752.11","12,000.12","10,368.10",621
02/17/2023,"11,424.11",4849,"13,152.13","13,248.13","10,272.10",622
02/21/2023,"13,440.13",1758,"13,920.14","14,208.14","13,152.13",623
02/22/2023,"14,400.14",2204,"16,800.17","16,848.17","14,208.14",624
02/23/2023,"16,704.17",1502,"16,800.17","16,896.17","15,936.16",625
02/24/2023,"16,608.17",1354,"17,088.17","17,088.17","16,128.16",626
02/27/2023,"16,800.17",1451,"18,336.18","18,336.18","16,224.16",627
02/28/2023,"17,472.17",1198,"18,432.18","18,816.19","17,280.17",628
03/01/2023,"19,200.19",1088,"19,776.20","19,824.20","19,008.19",629
03/02/2023,"20,256.20",950,"21,168.21","21,168.21","19,584.20",630
03/03/2023,"20,928.21",1259,"23,040.23","23,040.23","20,737.17",631
03/06/2023,"22,272.22",2370,"25,440.25","25,440.25","21,120.21",632
03/07/2023,"26,784.27",1136,"25,536.26","26,976.27","25,056.25",633
03/08/2023,"25,824.26",993,"24,096.24","26,016.26","22,656.23",634
03/09/2023,"24,384.24",933,"25,056.25","25,728.26","24,192.24",635
03/10/2023,"24,864.25",815,"25,152.25","25,248.25","24,288.24",636
03/13/2023,"24,096.24",967,"26,880.27","26,976.27","23,904.24",637
03/14/2023,"26,880.27",1660,"26,880.27","30,048.30","26,304.26",638
03/15/2023,"26,112.26",1309,"26,496.27","27,525.40","25,152.25",639
03/16/2023,"26,592.27",2752,"29,789.10","32,256.32","26,112.26",640
03/17/2023,"28,512.29",2907,"24,576.25","28,704.29","23,616.24",641
03/20/2023,"23,232.23",6790,"22,272.22","27,744.28","20,832.21",642
03/21/2023,"19,200.19",1267,"21,216.21","21,216.21","19,200.19",643
03/22/2023,"21,216.21",1242,"21,120.21","22,080.22","19,968.20",644
03/23/2023,"21,216.21",1128,"21,984.22","22,560.23","21,216.21",645
03/24/2023,"22,944.23",2579,"21,696.22","24,864.25","21,216.21",646
03/27/2023,"20,640.21",1637,"19,200.19","22,176.22","19,200.19",647
03/28/2023,"22,080.22",2928,"25,056.25","25,824.26","22,080.22",648
03/29/2023,"24,960.25",12616,"27,072.27","29,760.30","18,720.19",649
03/30/2023,"32,736.33",2677,"44,832.45","47,424.47","32,640.33",650
03/31/2023,"44,544.45",1675,"54,432.54","56,160.56","42,720.43",651
04/03/2023,"53,184.53",1678,"66,144.66","68,160.68","50,208.50",652
04/04/2023,"64,320.64",1250,"73,440.73","75,360.75","61,728.62",653
04/05/2023,"72,192.72",1179,"67,200.67","73,536.74","62,880.63",654
04/06/2023,"67,200.67",2208,"56,448.56","71,327.75","54,624.55",655
04/10/2023,"56,640.57",1221,"53,376.53","58,176.58","53,040.53",656
04/11/2023,"55,104.55",888,"52,128.52","56,919.93","51,168.51",657
04/12/2023,"52,512.53",870,"50,400.50","53,856.54","46,272.46",658
04/13/2023,"51,840.52",2690,"52,800.53","58,944.59","49,056.49",659
04/14/2023,"52,800.53",6543,"49,824.50","61,536.62","49,608.50",660
04/17/2023,"43,584.44",1268,"47,712.48","48,000.48","41,760.42",661
04/18/2023,"50,688.51",10555,"36,000.36","61,440.61","32,256.32",662
04/19/2023,"34,080.34",1621,"24,192.24","34,368.34","24,192.24",663
04/20/2023,"24,960.25",270,"22,464.22","25,056.25","22,464.22",664
04/21/2023,"23,136.23",354,"21,120.21","23,616.24","21,120.21",665
04/24/2023,"21,504.22",192,"22,080.22","23,136.23","21,120.21",666
04/25/2023,"21,792.22",225,"23,616.24","24,240.24","21,792.22",667
04/26/2023,"23,808.24",1624,"24,576.25","24,960.25","21,936.22",668
04/27/2023,"23,328.23",178,"23,520.24","24,048.24","22,704.23",669
04/28/2023,"23,328.23",384,"23,616.24","25,008.25","23,040.23",670
05/01/2023,"24,480.24",391,"24,672.25","26,976.27","24,192.24",671
05/02/2023,"24,000.24",553,"23,424.23","24,480.24","22,560.23",672
05/03/2023,"21,792.22",323,"23,616.24","23,616.24","21,792.22",673
05/04/2023,"24,000.24",432,"23,040.23","24,960.25","21,984.22",674
05/05/2023,"22,560.23",177,"22,752.23","23,040.23","21,696.22",675
05/08/2023,"21,888.22",263,"24,000.24","24,096.24","21,792.22",676
05/09/2023,"24,576.25",197,"25,632.26","26,390.66","24,576.25",677
05/10/2023,"27,072.27",180,"26,976.27","28,320.28","26,400.26",678
05/11/2023,"27,456.27",199,"26,400.26","28,521.89","26,400.26",679
05/12/2023,"26,112.26",362,"27,984.28","28,128.28","24,288.24",680
05/15/2023,"27,552.28",318,"31,680.32","31,920.32","27,360.27",681
05/16/2023,"30,624.31",129,"31,968.32","33,216.33","30,240.30",682
05/17/2023,"32,832.33",261,"30,624.31","33,792.34","30,067.50",683
05/18/2023,"30,240.30",264,"30,336.30","33,888.34","30,048.30",684
05/19/2023,"31,680.32",227,"31,200.31","32,256.32","29,664.30",685
05/22/2023,"30,624.31",212,"29,952.30","31,296.31","29,376.29",686
05/23/2023,"29,280.29",279,"28,224.28","32,448.32","28,129.24",687
05/24/2023,"28,800.29",259,"25,824.26","29,328.29","25,152.25",688
05/25/2023,"24,960.25",328,"25,248.25","25,728.26","22,272.22",689
05/26/2023,"25,344.25",205,"26,976.27","26,976.27","25,056.25",690
05/30/2023,"26,688.27",256,"28,704.29","28,800.29","25,968.26",691
05/31/2023,"27,264.27",441,"31,584.32","31,680.32","27,168.27",692
06/01/2023,"29,952.30",696,"26,784.27","32,160.32","26,688.27",693
06/02/2023,"27,456.27",462,"24,864.25","27,792.28","24,624.25",694
06/05/2023,"24,192.24",1291,"26,496.27","31,584.32","23,760.24",695
06/06/2023,"23,616.24",433,"19,872.20","23,808.24","19,872.20",696
06/07/2023,"19,488.19",466,"16,512.17","20,112.20","15,840.16",697
06/08/2023,"16,512.17",419,"17,280.17","19,392.19","15,936.16",698
06/09/2023,"17,376.17",661,"19,776.20","20,544.21","16,896.17",699
06/12/2023,"19,104.19",471,"23,136.23","23,328.23","19,104.19",700
06/13/2023,"22,752.23",452,"21,792.22","24,384.24","20,352.20",701
06/14/2023,"22,080.22",318,"24,288.24","24,672.25","21,600.22",702
06/15/2023,"24,480.24",319,"23,232.23","24,576.25","21,696.22",703
06/16/2023,"23,424.23",248,"24,768.25","25,440.25","23,136.23",704
06/20/2023,"25,152.25",196,"24,288.24","26,016.26","23,952.24",705
06/21/2023,"24,768.25",249,"27,360.27","28,800.29","24,144.24",706
06/22/2023,"27,552.28",206,"29,568.30","29,568.30","25,536.26",707
06/23/2023,"28,704.29",253,"27,648.28","29,856.30","27,552.28",708
06/26/2023,"29,760.30",1769,"34,944.35","34,944.35","17,760.18",709
06/27/2023,"34,176.34",206,"35,040.35","35,952.36","33,984.34",710
06/28/2023,"36,096.36",189,"38,016.38","38,208.38","35,520.36",711
06/29/2023,"37,248.37",281,"43,200.43","43,200.43","37,056.37",712
06/30/2023,"42,720.43",158,"43,200.43","43,776.44","42,144.42",713
07/03/2023,"43,008.43",106,"41,280.41","43,248.43","40,418.32",714
07/05/2023,"41,088.41",101,"42,048.42","43,488.43","40,608.41",715
07/06/2023,"43,200.43",103,"43,872.44","43,968.44","42,240.42",716
07/07/2023,"44,352.44",121,"43,104.43","44,352.44","42,048.42",717
07/10/2023,"42,912.43",165,"41,856.42","43,680.44","41,376.41",718
07/11/2023,"41,184.41",105,"39,168.39","42,336.42","38,592.39",719
07/12/2023,"40,704.41",157,"38,976.39","42,432.42","38,976.39",720
07/13/2023,"40,224.40",206,"40,320.40","41,280.41","39,168.39",721
07/14/2023,"40,704.41",164,"42,528.43","42,998.83","40,368.40",722
07/17/2023,"43,488.43",225,"47,040.47","47,040.47","42,048.42",723
07/18/2023,"47,520.48",131,"47,424.47","48,000.48","44,256.44",724
07/19/2023,"47,136.47",101,"48,000.48","49,440.49","46,080.46",725
07/20/2023,"47,904.48",228,"47,904.48","48,576.49","43,104.43",726
07/21/2023,"49,536.50",279,"55,968.56","55,968.56","48,768.49",727
07/24/2023,"54,720.55",116,"53,568.54","56,640.57","53,040.53",728
07/25/2023,"53,472.53",130,"53,184.53","54,528.55","51,648.52",729
07/26/2023,"52,896.53",114,"53,472.53","54,432.54","51,840.52",730
07/27/2023,"54,528.55",149,"52,320.52","57,312.57","52,320.52",731
07/28/2023,"51,840.52",163,"52,992.53","55,296.55","50,880.51",732
07/31/2023,"54,144.54",380,"50,592.51","55,770.80","48,864.49",733
08/01/2023,"48,960.49",363,"46,906.07","50,496.51","46,368.46",734
08/02/2023,"47,136.47",420,"44,928.45","47,616.48","44,064.44",735
08/03/2023,"45,504.46",474,"41,952.42","46,560.47","41,712.42",736
08/04/2023,"41,376.41",486,"43,008.43","43,481.71","39,360.39",737
08/07/2023,"38,784.39",222,"38,592.39","40,608.41","37,056.37",738
08/08/2023,"38,208.38",648,"50,486.90","50,496.51","37,824.38",739
08/09/2023,"52,320.52",363,"54,816.55","59,712.60","50,352.50",740
08/10/2023,"55,392.55",221,"52,608.53","55,680.56","51,264.51",741
08/11/2023,"53,952.54",198,"52,320.52","54,912.55","50,976.51",742
08/14/2023,"50,112.50",230,"52,992.53","53,184.53","49,056.49",743
08/15/2023,"54,336.54",436,"46,080.46","56,592.57","44,160.44",744
08/16/2023,"45,696.46",149,"45,792.46","48,768.49","45,024.45",745
08/17/2023,"46,848.47",155,"51,552.52","52,896.53","45,888.46",746
08/18/2023,"50,496.51",119,"50,880.51","51,737.80","49,536.50",747
08/21/2023,"52,128.52",144,"54,624.55","55,296.55","50,208.50",748
08/22/2023,"55,200.55",171,"51,936.52","55,872.56","51,744.52",749
08/23/2023,"52,608.53",185,"49,152.49","52,704.53","47,575.20",750
08/24/2023,"50,112.50",273,"43,872.44","50,112.50","42,432.42",751
08/25/2023,"45,504.46",291,"50,976.51","50,976.51","44,544.45",752
08/28/2023,"48,576.49",316,"47,981.28","53,472.53","47,232.47",753
08/29/2023,"47,232.47",185,"47,808.48","51,216.51","46,560.47",754
08/30/2023,"48,192.48",451,"49,325.29","53,952.54","46,272.46",755
08/31/2023,"46,656.47",78,"44,256.44","47,232.47","44,064.44",756
09/01/2023,"45,600.46",120,"41,760.42","45,696.46","41,280.41",757
09/05/2023,"40,800.41",158,"43,776.44","44,379.32","39,936.40",758
09/06/2023,"44,064.44",162,"42,048.42","45,984.46","42,048.42",759
09/07/2023,"42,144.42",123,"41,007.77","44,304.44","40,804.25",760
09/08/2023,"42,144.42",169,"40,896.41","43,007.47","40,896.41",761
09/11/2023,"40,704.41",95,"39,264.39","41,520.42","38,592.39",762
09/12/2023,"39,168.39",152,"41,280.41","42,720.43","38,976.39",763
09/13/2023,"41,472.41",112,"39,072.39","43,104.43","38,976.39",764
09/14/2023,"39,360.39",114,"38,688.39","41,376.41","38,530.95",765
09/15/2023,"40,512.41",203,"44,494.52","44,494.52","39,360.39",766
09/18/2023,"43,776.44",101,"40,608.41","43,776.44","40,128.40",767
09/19/2023,"41,088.41",197,"35,616.36","41,184.41","35,616.36",768
09/20/2023,"36,960.37",159,"39,648.40","40,656.41","36,576.37",769
09/21/2023,"40,272.40",112,"43,200.43","43,920.44","39,552.40",770
09/22/2023,"43,968.44",114,"43,872.44","47,808.48","43,488.43",771
09/25/2023,"43,200.43",74,"41,184.41","43,776.44","40,896.41",772
09/26/2023,"43,104.43",281,"43,498.04","44,256.44","37,152.37",773
09/27/2023,"45,216.45",160,"49,728.50","49,728.50","44,832.45",774
09/28/2023,"48,000.48",158,"49,344.49","52,416.52","47,424.47",775
09/29/2023,"48,288.48",87,"50,208.50","52,418.44","48,192.48",776
10/02/2023,"49,440.49",102,"52,800.53","54,240.54","48,960.49",777
10/03/2023,"54,240.54",218,"50,016.50","56,160.56","50,016.50",778
10/04/2023,"51,072.51",145,"52,032.52","53,280.53","49,440.49",779
10/05/2023,"52,512.53",145,"50,688.51","54,624.55","48,960.49",780
10/06/2023,"49,440.49",143,"48,768.49","50,784.51","48,192.48",781
10/09/2023,"49,344.49",93,"51,264.51","51,408.51","48,672.49",782
10/10/2023,"51,456.51",70,"54,432.54","56,160.56","51,168.51",783
10/11/2023,"54,048.54",56,"54,816.55","55,680.56","51,504.52",784
10/12/2023,"54,816.55",53,"54,528.55","57,600.58","54,048.54",785
10/13/2023,"55,200.55",100,"58,051.78","58,176.58","54,528.55",786
10/16/2023,"58,176.58",197,"52,032.52","62,112.62","50,112.50",787
10/17/2023,"51,072.51",82,"48,768.49","51,264.51","48,480.48",788
10/18/2023,"49,632.50",75,"46,464.46","50,304.50","46,440.46",789
10/19/2023,"46,464.46",93,"47,040.47","47,568.48","45,720.46",790
10/20/2023,"47,520.48",104,"47,040.47","48,480.48","46,368.46",791
10/23/2023,"46,560.47",89,"49,248.49","49,815.86","46,368.46",792
10/24/2023,"49,152.49",73,"48,576.49","50,496.51","48,288.48",793
10/25/2023,"48,576.49",112,"46,656.47","48,960.49","45,696.46",794
10/26/2023,"45,984.46",141,"47,040.47","48,863.53","45,984.46",795
10/27/2023,"45,984.46",161,"49,728.50","50,267.06","45,792.46",796
10/30/2023,"50,784.51",292,"45,696.46","53,280.53","45,120.45",797
10/31/2023,"45,984.46",197,"45,504.46","47,904.48","44,640.45",798
11/01/2023,"45,024.45",212,"47,904.48","48,000.48","43,296.43",799
11/02/2023,"47,904.48",137,"46,080.46","48,000.48","45,024.45",800
11/03/2023,"46,848.47",258,"51,648.52","51,648.52","45,888.46",801
11/06/2023,"51,936.52",122,"52,320.52","55,392.55","50,112.50",802
11/07/2023,"52,896.53",118,"54,336.54","54,336.54","51,264.51",803
11/08/2023,"54,336.54",138,"53,472.53","55,872.56","50,688.51",804
11/09/2023,"53,376.53",165,"51,456.51","54,720.55","51,456.51",805
11/10/2023,"50,688.51",324,"52,896.53","53,280.53","48,000.48",806
11/13/2023,"54,816.55",256,"61,920.62","62,784.63","54,336.54",807
11/14/2023,"63,168.63",163,"62,304.62","63,840.64","59,808.60",808
11/15/2023,"63,168.63",263,"58,656.59","64,896.65","57,312.57",809
11/16/2023,"59,040.59",437,"57,984.58","60,096.60","54,720.55",810
11/17/2023,"58,752.59",215,"62,640.63","62,976.63","58,560.59",811
11/20/2023,"59,232.59",206,"57,792.58","59,808.60","56,448.56",812
11/21/2023,"60,960.61",517,"59,904.60","63,456.63","56,256.56",813
11/22/2023,"63,072.63",441,"69,120.69","69,449.97","61,440.61",814
11/24/2023,"68,832.69",358,"76,512.77","76,512.77","67,872.68",815
11/27/2023,"75,648.76",240,"78,144.78","79,680.80","74,352.74",816
11/28/2023,"78,336.78",234,"80,736.81","83,040.83","76,800.77",817
11/29/2023,"81,024.81",232,"84,384.84","84,384.84","79,488.79",818
11/30/2023,"84,768.85",322,"82,080.82","86,976.87","81,888.82",819
12/01/2023,"87,456.87",411,"82,272.82","88,512.89","80,832.81",820
12/04/2023,"81,600.82",254,"82,368.82","86,208.86","80,832.81",821
12/05/2023,"81,504.82",139,"81,792.82","84,768.85","81,120.81",822
12/06/2023,"81,312.81",194,"79,968.80","84,288.84","77,856.78",823
12/07/2023,"80,544.81",169,"83,040.83","83,712.84","78,624.79",824
12/08/2023,"81,792.82",161,"85,344.85","86,208.86","81,600.82",825
12/11/2023,"83,712.84",205,"81,216.81","84,000.84","77,856.78",826
12/12/2023,"80,256.80",168,"83,232.83","83,472.83","79,008.79",827
12/13/2023,"82,176.82",147,"81,792.82","87,072.87","81,792.82",828
12/14/2023,"82,944.83",258,"83,520.84","84,119.88","77,952.78",829
12/15/2023,"84,768.85",179,"85,056.85","87,725.68","82,848.83",830
12/18/2023,"82,368.82",120,"84,672.85","87,359.91","81,984.82",831
12/19/2023,"87,072.87",281,"79,200.79","88,032.88","76,896.77",832
12/20/2023,"78,624.79",166,"81,600.82","83,472.83","77,472.77",833
12/21/2023,"82,176.82",219,"85,536.86","85,872.86","80,448.80",834
12/22/2023,"86,592.87",147,"85,536.86","86,880.87","83,424.83",835
12/26/2023,"86,304.86",182,"84,672.85","91,538.84","84,672.85",836
12/27/2023,"86,784.87",177,"91,680.92","93,216.93","85,392.85",837
12/28/2023,"91,680.92",118,"89,856.90","92,544.93","89,088.89",838
12/29/2023,"89,472.89",83,"89,184.89","90,624.91","88,320.88",839
01/02/2024,"87,456.87",184,"84,192.84","90,720.91","83,712.84",840
01/03/2024,"84,384.84",197,"81,696.82","85,920.86","80,160.80",841
01/04/2024,"79,200.79",72,"77,760.78","79,776.80","77,760.78",842
01/05/2024,"79,296.79",139,"78,432.78","80,832.81","76,149.88",843
01/08/2024,"80,256.80",98,"78,336.78","80,832.81","75,936.76",844
01/09/2024,"79,008.79",128,"76,224.76","81,600.82","76,032.76",845
01/10/2024,"77,280.77",164,"79,680.80","79,872.80","75,264.75",846
01/11/2024,"80,640.81",315,"72,960.73","81,311.85","71,712.72",847
01/12/2024,"73,440.73",355,"78,432.78","78,432.78","71,040.71",848
01/16/2024,"78,624.79",246,"84,480.84","86,688.87","77,568.78",849
01/17/2024,"84,576.85",130,"87,168.87","88,032.88","84,480.84",850
01/18/2024,"86,784.87",180,"90,624.91","91,200.91","85,200.85",851
01/19/2024,"90,624.91",74,"91,968.92","92,160.92","89,568.90",852
01/22/2024,"91,200.91",160,"96,192.96","96,288.96","89,376.89",853
01/23/2024,"96,096.96",147,"96,384.96","97,536.02","95,520.96",854
01/24/2024,"97,632.98",246,"105,601.06","106,081.06","96,096.96",855
01/25/2024,"106,945.07",288,"102,241.02","107,521.08","102,049.02",856
01/26/2024,"102,433.02",156,"101,703.42","102,913.03","99,601.00",857
01/29/2024,"101,281.01",262,"105,889.06","107,905.08","100,609.01",858
01/30/2024,"100,609.01",344,"101,281.01","110,401.10","99,841.00",859
01/31/2024,"99,553.00",349,"99,360.99","102,145.02","96,960.97",860
02/01/2024,"103,585.04",1101,"97,152.97","104,737.05","94,368.94",861
02/02/2024,"96,192.96",317,"89,664.90","97,920.98","89,568.90",862
02/05/2024,"88,896.89",188,"86,688.87","90,816.91","86,688.87",863
02/06/2024,"87,360.87",171,"86,496.87","90,288.90","85,440.85",864
02/07/2024,"87,648.88",177,"86,016.86","87,744.88","84,480.84",865
02/08/2024,"86,016.86",127,"88,800.89","89,664.90","85,920.86",866
02/09/2024,"88,320.88",158,"87,936.88","90,048.90","86,688.87",867
02/12/2024,"85,728.86",236,"89,280.89","90,618.19","85,440.85",868
02/13/2024,"88,128.88",676,"105,601.06","105,601.06","87,840.88",869
02/14/2024,"104,065.04",421,"94,848.95","105,313.05","93,312.93",870
02/15/2024,"94,464.94",205,"96,096.96","98,784.99","93,312.93",871
02/16/2024,"96,960.97",157,"95,136.95","97,536.98","92,736.93",872
02/20/2024,"96,864.97",147,"91,584.92","97,152.97","91,200.91",873
02/21/2024,"91,200.91",122,"92,160.92","94,560.95","88,896.89",874
02/22/2024,"91,296.91",250,"88,320.88","94,944.95","88,320.88",875
02/23/2024,"86,208.86",162,"87,840.88","91,200.91","83,520.84",876
02/26/2024,"88,416.88",127,"92,256.92","93,984.94","88,320.88",877
02/27/2024,"93,408.93",160,"89,568.90","94,848.95","87,840.88",878
02/28/2024,"87,168.87",205,"88,128.88","90,144.90","85,248.85",879
02/29/2024,"88,512.89",170,"91,824.92","94,080.94","87,840.88",880
03/01/2024,"90,720.91",141,"96,000.96","97,440.97","90,432.90",881
03/04/2024,"97,824.98",124,"100,801.01","101,185.01","96,960.97",882
03/05/2024,"100,609.01",426,"99,581.80","100,609.01","92,448.92",883
03/06/2024,"95,232.95",391,"103,201.03","103,201.03","91,200.91",884
03/07/2024,"105,121.05",158,"109,057.09","112,129.12","103,681.04",885
03/08/2024,"109,057.09",174,"114,289.14","114,625.15","107,809.08",886
03/11/2024,"116,833.17",160,"119,041.19","120,961.21","113,377.13",887
03/12/2024,"120,961.21",159,"114,241.14","121,345.21","112,725.29",888
03/13/2024,"114,145.14",94,"114,049.14","116,833.17","112,137.76",889
03/14/2024,"114,049.14",93,"117,121.17","119,233.19","112,705.13",890
03/15/2024,"117,697.18",92,"118,753.19","121,633.22","116,929.17",891
03/18/2024,"119,329.19",97,"117,793.18","120,529.21","115,201.15",892
03/19/2024,"117,409.17",204,"125,665.26","127,537.28","115,489.15",893
03/20/2024,"128,641.29",277,"116,161.16","130,369.30","112,417.12",894
03/21/2024,"115,969.16",192,"111,914.08","119,425.19","111,914.08",895
03/22/2024,"112,321.12",138,"120,001.20","120,096.24","111,361.11",896
03/25/2024,"116,929.17",366,"114,337.14","119,617.20","107,041.07",897
03/26/2024,"109,921.10",672,"131,329.31","132,001.32","98,304.98",898
03/27/2024,"132,481.32",401,"139,681.40","140,737.41","129,121.29",899
03/28/2024,"142,273.42",677,"125,281.25","144,289.44","120,193.20",900
04/01/2024,"134,209.34",965,"161,665.62","163,201.63","123,937.24",901
04/02/2024,"132,289.32",146,"137,569.38","141,025.41","131,521.32",902
04/03/2024,"132,769.33",98,"136,225.36","136,225.36","131,137.31",903
04/04/2024,"130,753.31",169,"134,593.35","138,241.38","127,825.28",904
04/05/2024,"127,297.27",141,"120,961.21","133,249.33","120,961.21",905
04/08/2024,"119,041.19",150,"127,969.28","132,097.32","116,881.17",906
04/09/2024,"127,393.27",101,"131,521.32","133,107.25","125,761.26",907
04/10/2024,"133,249.33",156,"138,529.39","141,505.42","125,569.26",908
04/11/2024,"138,433.38",78,"144,961.45","144,975.85","138,241.38",909
04/12/2024,"144,385.44",82,"143,521.44","145,633.46","140,257.40",910
04/15/2024,"140,353.40",96,"138,721.39","147,073.47","137,089.37",911
04/16/2024,"142,177.42",43,"144,961.45","145,441.45","139,825.40",912
04/17/2024,"139,777.40",88,"141,601.42","149,089.49","136,417.36",913
04/18/2024,"142,657.43",67,"151,201.51","152,641.53","142,177.42",914
04/19/2024,"150,049.50",56,"151,489.51","158,113.58","148,801.49",915
04/22/2024,"149,569.50",88,"151,105.51","153,121.53","148,321.48",916
04/23/2024,"152,353.52",130,"155,521.56","156,385.56","149,089.49",917
04/24/2024,"158,785.59",171,"160,225.60","164,161.64","153,794.50",918
04/25/2024,"153,217.53",350,"165,409.65","167,809.68","146,401.46",919
04/26/2024,"143,233.43",226,"147,841.48","157,249.57","138,721.39",920
04/29/2024,"142,945.43",111,"133,921.34","146,113.46","133,921.34",921
04/30/2024,"132,001.32",47,"134,401.34","134,401.34","129,793.30",922
05/01/2024,"128,929.29",91,"121,057.21","136,033.36","116,737.17",923
05/02/2024,"120,481.20",35,"120,961.21","123,254.67","119,617.20",924
05/03/2024,"120,673.21",53,"121,345.21","122,593.23","119,521.20",925
05/06/2024,"123,265.23",44,"125,761.26","126,474.54","121,537.22",926
05/07/2024,"127,201.27",37,"127,873.28","129,313.29","125,761.26",927
05/08/2024,"127,105.27",47,"130,561.31","135,649.36","125,857.26",928
05/09/2024,"131,713.32",26,"131,041.31","132,577.33","128,881.29",929
05/10/2024,"130,945.31",50,"128,449.28","132,001.32","124,321.24",930
05/13/2024,"128,449.28",77,"132,001.32","133,248.37","123,073.23",931
05/14/2024,"128,449.28",56,"130,945.31","133,825.34","125,665.26",932
05/15/2024,"129,697.30",158,"134,209.34","140,449.40","127,105.27",933
05/16/2024,"134,593.35",109,"128,065.28","135,361.35","128,065.28",934
05/17/2024,"126,913.27",106,"121,441.21","129,409.29","119,041.19",935
05/20/2024,"121,921.22",51,"120,769.21","125,185.25","117,841.18",936
05/21/2024,"117,985.18",56,"122,017.22","122,881.23","116,449.16",937
05/22/2024,"121,345.21",41,"120,673.21","123,840.28","118,629.35",938
05/23/2024,"120,193.20",133,"127,087.03","127,167.67","118,177.18",939
05/24/2024,"115,201.15",83,"115,162.75","118,561.19","112,513.13",940
05/28/2024,"113,185.13",97,"107,521.08","113,281.13","107,041.07",941
05/29/2024,"107,233.07",44,"104,929.05","111,457.11","103,393.03",942
05/30/2024,"103,969.04",31,"104,449.04","104,449.04","103,146.31",943
05/31/2024,"104,449.04",35,"104,641.05","105,601.06","104,161.04",944
06/03/2024,"104,257.04",30,"105,505.06","105,505.06","103,201.03",945
06/04/2024,"105,985.06",34,"105,889.06","108,097.08","105,217.05",946
06/05/2024,"105,985.06",17,"106,177.06","107,233.07","104,929.05",947
06/06/2024,"106,273.06",45,"104,065.04","108,481.08","103,633.04",948
06/07/2024,"104,545.05",48,"103,873.04","105,399.45","102,049.02",949
06/10/2024,"104,929.05",52,"106,465.06","107,041.07","101,953.02",950
06/11/2024,"105,121.05",106,"101,665.02","105,696.10","100,033.00",951
06/12/2024,"104,833.05",108,"112,801.13","112,801.13","104,257.04",952
06/13/2024,"108,001.08",72,"109,633.10","110,881.11","104,737.05",953
06/14/2024,"110,113.10",24,"111,687.52","113,089.13","109,729.10",954
06/17/2024,"113,569.14",16,"111,361.11","113,761.14","110,881.11",955
06/18/2024,"110,881.11",40,"110,881.11","111,841.12","108,577.09",956
06/20/2024,"111,745.12",33,"112,801.13","113,089.13","110,593.11",957
06/21/2024,"112,609.13",35,"112,897.13","114,433.14","112,225.12",958
06/24/2024,"112,705.13",28,"117,697.18","117,697.18","112,225.12",959
06/25/2024,"115,681.16",30,"112,801.13","116,161.16","112,801.13",960
06/26/2024,"113,473.13",25,"116,065.16","116,641.17","112,897.13",961
06/27/2024,"115,393.15",39,"117,025.17","117,697.18","114,241.14",962
06/28/2024,"117,793.18",43,"114,658.75","119,041.19","114,658.75",963
07/01/2024,"113,953.14",75,"112,993.13","117,313.17","112,417.12",964
07/02/2024,"112,993.13",58,"108,097.08","113,377.13","106,849.07",965
07/03/2024,"108,097.08",62,"108,577.09","110,113.10","106,417.06",966
07/05/2024,"110,881.11",73,"115,201.15","116,161.16","108,385.08",967
07/08/2024,"114,433.14",62,"118,849.19","118,849.19","113,857.14",968
07/09/2024,"118,657.19",126,"114,721.15","120,961.21","113,761.14",969
07/10/2024,"112,225.12",216,"121,537.22","124,705.25","111,553.12",970
07/11/2024,"120,769.21",124,"119,713.20","125,857.26","119,665.20",971
07/12/2024,"125,473.25",251,"140,929.41","143,137.43","122,881.23",972
07/15/2024,"143,905.44",135,"147,457.47","148,123.72","135,169.35",973
07/16/2024,"142,657.43",145,"134,689.35","145,345.45","134,689.35",974
07/17/2024,"134,689.35",141,"131,521.32","139,393.39","131,521.32",975
07/18/2024,"130,849.31",322,"130,561.31","135,745.36","127,393.27",976
07/19/2024,"118,945.19",37,"121,153.21","124,225.24","118,369.18",977
07/22/2024,"119,041.19",47,"118,657.19","122,785.23","117,409.17",978
07/23/2024,"115,777.16",44,"117,793.18","120,001.20","115,297.15",979
07/24/2024,"114,145.14",38,"115,201.15","116,742.93","112,417.12",980
07/25/2024,"115,297.15",42,"116,055.56","119,905.20","114,241.14",981
07/26/2024,"117,025.17",71,"115,489.15","117,025.17","111,361.11",982
07/29/2024,"111,457.11",102,"111,169.11","113,857.14","109,825.10",983
07/30/2024,"115,009.15",109,"117,985.18","119,329.19","114,433.14",984
07/31/2024,"117,217.17",68,"117,121.17","119,137.19","116,929.17",985
08/01/2024,"117,793.18",81,"120,961.21","121,441.21","115,777.16",986
08/02/2024,"121,537.22",61,"121,729.22","123,649.24","120,097.20",987
08/05/2024,"123,169.23",64,"124,801.25","126,721.27","122,401.22",988
08/06/2024,"126,145.26",99,"124,033.24","129,121.29","121,297.21",989
08/07/2024,"126,721.27",107,"133,441.33","135,361.35","124,993.25",990
08/08/2024,"127,969.28",95,"131,041.31","131,328.35","123,841.24",991
08/09/2024,"132,385.32",129,"124,993.25","134,401.34","123,409.23",992
08/12/2024,"128,257.28",154,"117,601.18","132,961.33","116,834.13",993
08/13/2024,"116,161.16",185,"120,097.20","120,414.96","112,321.12",994
08/14/2024,"116,833.17",126,"115,009.15","119,233.19","113,089.13",995
08/15/2024,"109,441.09",111,"113,549.94","119,425.19","108,001.08",996
08/16/2024,"114,241.14",320,"116,641.17","116,737.17","101,377.01",997
08/19/2024,"110,497.11",290,"123,361.23","124,705.25","109,825.10",998
08/20/2024,"122,689.23",178,"136,993.37","139,105.39","121,921.22",999
08/21/2024,"136,033.36",91,"144,001.44","144,001.44","134,881.35","1,000"
08/22/2024,"143,041.43",136,"142,081.42","146,880.51","139,201.39",1001
08/23/2024,"135,265.35",191,"142,849.43","142,849.43","132,577.33","1,002"
08/26/2024,"144,001.44",202,"148,993.49","150,721.51","137,281.37",1003
08/27/2024,"147,937.48",144,"151,585.52","154,273.54","147,361.47","1,004"
08/28/2024,"149,761.50",315,"161,089.61","162,145.62","144,577.45",1005
08/29/2024,"169,153.69",247,"170,497.71","179,790.60","168,673.69","1,006"
08/30/2024,"164,161.64",129,"165,505.66","171,361.71","162,481.62",1007
09/03/2024,"164,833.65",127,"165,505.66","171,553.72","161,761.62","1,008"
09/04/2024,"171,073.71",261,"165,409.65","176,353.76","161,281.61",1009
09/05/2024,"162,433.62",249,"156,001.56","167,809.68","154,081.54","1,010"
09/06/2024,"149,569.50",126,"149,377.49","153,792.58","145,921.46",1011
09/09/2024,"151,585.52",193,"157,825.58","158,785.59","149,761.50","1,012"
09/10/2024,"157,249.57",212,"160,513.61","168,001.68","155,617.56",1013
09/11/2024,"162,145.62",224,"168,001.68","169,153.69","159,361.59","1,014"
09/12/2024,"167,905.68",240,"169,729.70","177,601.78","167,041.67",1015
09/13/2024,"165,697.66",394,"164,689.65","180,001.80","162,433.62","1,016"
09/16/2024,"159,649.60",303,"159,937.60","171,265.71","157,537.58",1017
09/17/2024,"155,521.56",504,"168,856.09","177,601.78","155,041.55","1,018"
09/18/2024,"170,689.71",437,"182,881.83","183,841.84","168,097.68",1019
09/19/2024,"183,937.84",681,"193,633.94","199,201.99","182,401.82","1,020"
09/20/2024,"177,121.77",1532,"194,977.95","198,241.98","163,873.64",1021
09/23/2024,"148,129.48",1665,"153,505.54","168,001.68","139,201.39","1,022"
09/24/2024,"124,801.25",467,"132,001.32","143,905.44","120,289.20",1023
09/25/2024,"127,009.27",546,"122,977.23","128,161.28","118,177.18","1,024"
09/26/2024,"109,633.10",208,"109,825.10","110,593.11","108,481.08",1025
09/27/2024,"107,041.07",72,"106,465.06","107,521.08","105,697.06","1,026"
09/30/2024,"106,849.07",102,"109,153.09","109,441.09","105,601.06",1027
10/01/2024,"109,921.10",71,"110,881.11","111,361.11","108,577.09","1,028"
10/02/2024,"111,745.12",120,"113,761.14","113,761.14","108,865.09","1,029"
10/03/2024,"113,857.14",151,"114,241.14","114,659.71","108,049.08",1030
10/04/2024,"114,241.14",223,"114,721.15","114,721.15","112,801.13","1,031"
10/07/2024,"111,841.12",318,"111,697.12","113,185.13","110,497.11",1032
10/08/2024,"111,361.11",324,"112,705.13","113,281.13","110,497.11","1,033"
10/09/2024,"115,201.15",928,"114,721.15","118,561.19","109,537.10",1034
10/10/2024,"96,960.97",7,"96,960.97","98,400.98","96,192.96","1,035"
10/11/2024,"96,672.97",24,"96,288.96","97,248.97","95,232.95",1036
10/14/2024,"96,192.96",4,"96,768.97","97,344.97","96,192.96","1,037"
10/15/2024,"96,576.97",4,"96,768.97","96,768.97","96,000.96",1038
10/16/2024,"96,768.97",6,"96,288.96","97,056.97","96,288.96","1,039"
10/17/2024,"96,000.96",17,"96,000.96","96,768.97","95,040.95",1040
10/18/2024,"95,712.96",2,"94,080.94","96,000.96","94,080.94","1,041"
10/21/2024,"95,808.96",11,"95,808.96","95,904.96","94,272.94",1042
10/22/2024,"95,808.96",3,"96,288.96","96,480.96","95,808.96","1,043"
10/23/2024,"96,000.96",12,"96,096.96","96,192.96","96,000.96",1044
10/24/2024,"96,096.96",13,"96,000.96","96,192.96","95,616.96","1,045"
10/25/2024,"96,000.96",13,"96,000.96","96,192.96","96,000.96",1046
10/28/2024,"96,000.96",7,"95,808.96","96,192.96","95,808.96","1,047"
10/29/2024,"96,000.96",24,"96,000.96","96,096.96","95,808.96",1048
10/30/2024,"96,000.96",11,"96,000.96","96,000.96","95,712.96","1,049"
10/31/2024,"96,000.96",18,"95,808.96","96,192.96","95,040.95",1050
11/01/2024,"95,808.96",27,"95,520.96","95,904.96","94,272.94","1,051"
11/04/2024,"95,904.96",2,"95,837.76","95,904.96","95,040.95",1052
11/05/2024,"95,616.96",24,"95,520.96","95,904.96","95,040.95","1,053"
11/06/2024,"95,136.95",2,"95,232.95","95,520.96","94,848.95",1054
11/07/2024,"95,232.95",5,"94,560.95","95,520.96","94,560.95","1,055"
11/08/2024,"94,560.95",2,"94,176.94","95,520.96","94,176.94",1056
11/11/2024,"94,176.94",8,"94,992.95","95,040.95","94,080.94","1,057"
11/12/2024,"94,368.94",N/A,"94,272.94","94,368.94","94,272.94",1058
11/13/2024,"94,464.94",2,"94,176.94","94,560.95","94,176.94","1,059"
11/14/2024,"94,176.94",11,"94,176.94","94,368.94","94,128.94",1060
11/15/2024,"94,080.94",1,"94,080.94","94,176.94","93,792.94","1,061"
11/18/2024,"94,080.94",N/A,"94,079.98","94,080.94","93,697.90",1062
11/19/2024,"94,176.94",1,"93,888.94","94,176.94","93,888.94","1,063"
11/20/2024,"93,792.94",N/A,"93,312.93","93,792.94","93,312.93",1064
11/21/2024,"93,792.94",N/A,"93,312.93","93,792.94","93,312.93","1,065"
11/22/2024,"93,408.93",6,"93,408.93","93,696.94","93,312.93",1066
11/25/2024,"93,408.93",1,"93,312.93","93,792.94","93,312.93","1,067"
11/26/2024,"93,792.94",N/A,"93,408.93","93,792.94","93,408.93",1068
11/27/2024,"93,888.94",13,"93,792.94","93,888.94","93,408.93","1,069"
11/29/2024,"93,600.94",59,"93,408.93","93,696.94","93,360.93",1070
12/02/2024,"93,408.93",11,"93,408.93","93,504.94","93,408.93","1,071"
12/03/2024,"93,312.93",1,"93,312.93","93,312.93","93,312.93",1072
12/04/2024,"93,311.97",1,"93,120.93","93,311.97","93,120.93","1,073"
12/05/2024,"93,120.93",1,"93,120.93","93,312.93","93,120.93",1074
12/06/2024,"93,120.93",1,"93,120.93","93,120.93","93,120.93","1,075"
12/09/2024,"93,218.85",1,"93,216.93","93,312.93","93,216.93",1076
12/10/2024,"93,006.69",N/A,"93,006.69","93,006.69","93,006.69","1,077"
12/11/2024,"93,216.93",N/A,"93,120.93","93,216.93","93,120.93",1078
12/12/2024,"93,120.93",1,"92,832.93","93,120.93","92,832.93","1,079"
12/13/2024,"92,736.93",2,"92,736.93","93,120.93","92,640.93",1080
12/16/2024,"92,640.93",2,"93,120.93","93,120.93","92,640.93","1,081"
12/17/2024,"92,736.93",10,"92,928.93","92,928.93","92,736.93",1082
12/18/2024,"92,832.93",13,"92,928.93","93,120.93","92,730.21","1,083"
12/19/2024,"93,216.93",17,"92,928.93","93,216.93","92,832.93",1084
12/20/2024,"92,976.93",1,"92,928.93","93,120.93","92,928.93","1,085"
12/23/2024,"93,600.94",12,"92,928.93","93,600.94","92,928.93",1086
12/24/2024,"93,120.93",N/A,"93,312.93","93,312.93","92,928.93","1,087"
12/26/2024,"93,312.93",22,"93,216.93","93,312.93","92,928.93",1088
12/27/2024,"93,408.93",N/A,"93,408.93","93,408.93","93,408.93","1,089"
12/30/2024,"93,408.93",1,"93,408.93","93,408.93","93,408.93",1090
12/31/2024,"93,408.93",8,"93,408.93","93,888.94","93,408.93","1,091"
01/02/2025,"93,408.93",2,"93,408.93","93,984.94","93,407.01",1092
01/03/2025,"93,312.93",11,"93,408.93","93,408.93","93,312.93","1,093"
01/06/2025,"93,408.93",32,"93,408.93","93,408.93","93,408.93",1094
01/07/2025,"93,408.93",16,"93,216.93","93,408.93","93,120.93","1,095"
01/08/2025,"93,696.94",N/A,"93,600.94","93,744.94","93,600.94",1096
01/10/2025,"93,504.94",2,"93,696.94","93,696.94","93,504.94","1,097"
01/13/2025,"93,792.94",2,"93,696.94","93,792.94","93,696.94",1098
01/14/2025,"93,792.94",N/A,"93,792.94","93,792.94","93,792.94","1,099"
01/15/2025,"93,696.94",2,"93,792.94","93,792.94","93,696.94",1100
01/16/2025,"94,080.94",N/A,"94,080.94","94,080.94","94,080.94","1,101"
01/17/2025,"93,600.94",37,"93,600.94","93,696.94","93,600.94",1102
01/21/2025,"93,792.94",22,"94,080.94","94,176.94","93,696.94","1,103"
01/22/2025,"94,176.94",63,"93,792.94","95,040.95","93,600.94",1104
01/23/2025,"93,792.94",86,"93,696.94","94,080.94","93,696.94","1,105"
01/24/2025,"93,696.94",N/A,"93,600.94","93,696.94","93,600.94",1106
01/27/2025,"93,600.94",17,"93,600.94","93,696.94","93,600.94","1,107"
01/28/2025,"93,600.94",33,"93,600.94","93,696.94","93,600.94",1108
01/29/2025,"93,696.94",54,"93,600.94","93,792.94","93,600.94","1,109"
01/30/2025,"93,600.94",10,"93,696.94","93,696.94","93,600.94",1110
01/31/2025,"93,792.94",57,"93,498.22","93,792.94","93,498.22","1,111"
02/03/2025,"93,792.94",24,"94,512.95","94,512.95","93,408.93",1112
02/04/2025,"93,504.94",114,"93,504.94","93,600.94","93,312.93","1,113"
02/05/2025,"93,311.97",8,"93,312.93","93,312.93","93,216.93",1114
02/06/2025,"93,216.93",9,"96,000.96","102,625.03","93,216.93","1,115"
02/07/2025,"93,600.94",35,"93,408.93","93,600.94","93,120.93",1116
02/10/2025,"93,408.93",1,"93,312.93","94,176.94","93,312.93","1,117"
02/11/2025,"93,600.94",152,"93,600.94","93,600.94","93,216.93",1118
02/12/2025,"93,504.94",1,"93,408.93","93,504.94","93,216.93","1,119"
02/13/2025,"93,504.94",N/A,"93,504.94","93,504.94","93,504.94",1120
02/14/2025,"93,504.94",66,"93,120.93","93,696.94","93,024.93","1,121"
02/18/2025,"93,024.93",3,"93,312.93","93,312.93","93,024.93",1122
02/19/2025,"92,640.93",N/A,"96,000.96","96,000.96","92,640.93","1,123"
02/20/2025,"122,641.23",N/A,"122,641.23","122,641.23","122,641.23",1124
02/21/2025,"122,641.23",N/A,"122,641.23","122,641.23","122,641.23","1,125"
02/24/2025,"122,641.23",N/A,"122,641.23","153,601.54","91,680.92",1126